full name,full name_label,alias,alias_label,account name,account name_label,social security number,social security number_label,national id number,national id number_label,passport number,passport number_label,drivers license number,drivers license number_label,government id number,government id number_label,certificate number,certificate number_label,medical record number,medical record number_label,bank account number,bank account number_label,credit card number,credit card number_label,debit card number,debit card number_label,email address,email address_label,phone number,phone number_label,fax number,fax number_label,physical address,physical address_label,geolocation data,geolocation data_label,ip address,ip address_label,device serial number,device serial number_label,mac address,mac address_label
Linda D'Souza,TRUE,lindadsouza_01,TRUE,Linda_34,FALSE,675 74 5169,TRUE,NID-PB2HWRDL,FALSE,NKBHJWNF9,FALSE,ABSIMF8ICY,FALSE,,FALSE,CERT-2025-952701,TRUE,MRN-8109305,TRUE,951852557,TRUE,3715-5903-0819-6953,TRUE,**** **** **** 7547,TRUE,"""linda.dsouza@5""@testmail.com",TRUE,(810) 681-1631 x18,TRUE,,FALSE,"9326 Pine Lane, Austin, TX 44753, USA",TRUE,62.181338;-142.011795,TRUE,127.0.0.1,TRUE,05HJVXOVBK21,FALSE,0ac0.9a3f.4f4e,FALSE
Emily Smith,TRUE,emilysmith726,FALSE,Emily Smith Account,TRUE,Not Provided,FALSE,8.16766E+11,FALSE,510P2U7,FALSE,942TR-,FALSE,,FALSE,CERT-2012-552049,TRUE,MRN-4469399,TRUE,4687 22037,TRUE,5406-1386-7485-7835,TRUE,6267-6449-4363-2703,TRUE,EMILY.SMITH@company.org,TRUE,(548) 618-7128 x643,TRUE,,FALSE,"8904 Main St, San Francisco, IL 34580, USA",TRUE,Latitude: 59.93202; Longitude: 75.446081,TRUE,109.210.104.48,TRUE,,FALSE,1613ba4d4029,FALSE
John O'Nguyen,TRUE,johnonguyen_01,FALSE,John_54,FALSE,,FALSE,FR10933465336,FALSE,A8SHZQ,FALSE,22CJG3AR,FALSE,GOV-562250,TRUE,CERT-2003-858695,TRUE,MRN-9283397,TRUE,5916983317,TRUE,XXXX-XXXX-XXXX-0000,TRUE,6271-9260-2611-8685,TRUE,"""JOHN.ONGUYEN@8""@MYDOMAIN.FR",TRUE,+33 8 27 99 59,TRUE,,FALSE,"5013 2nd Ave, Austin, CA 74337, USA",TRUE,POINT(166.231828 24.433184),TRUE,3961:55a0:4c70:12e7:b54c:3d81::bc9e,TRUE,,FALSE,D5:F2:60:B9:3D:42,TRUE
Chris Moreau,TRUE,chris85,FALSE,Chris Moreau Account,TRUE,606906114,TRUE,6.70886E+11,FALSE,680HNJ,FALSE,X2UN7T6E,FALSE,GOV-205639,TRUE,CERT-2010-751452,TRUE,MRN-3475601,TRUE,95470060,TRUE,4810-7951-6352-1415,TRUE,masked: **** **** **** 5678,FALSE,CHRIS.MOREAU@company.org,TRUE,-3615,FALSE,,FALSE,"6501 Sunset Blvd, Seattle, WA 34846, USA",TRUE,POINT(-119.372961 -38.788241),TRUE,127.0.0.1,TRUE,,FALSE,C8:CE:BA:98:25:4B,TRUE
Vishal García,TRUE,vishalgarcía_dev,FALSE,Vishal García Account,TRUE,524743125,TRUE,3.57319E+11,FALSE,SZMW3Y60,FALSE,IEP8AUWEQ9RW,TRUE,,FALSE,CERT-2005-943955,TRUE,MRN-5133059,TRUE,9050 417372,TRUE,**** **** **** 6374,FALSE,masked: **** **** **** 5678,FALSE,vishal.garcía@service.net,TRUE,-9380,FALSE,-9121,FALSE,"9014 2nd Ave, Austin, WA 68407, USA",TRUE,"23.820454,-113.861965",TRUE,f4dc:580:6b53:41b8:a8c:8f69:601b:,FALSE,SN-4438168,TRUE,06:95:38:66:3e:78,FALSE
Samantha Moreau,TRUE,samanthamoreau,TRUE,corp:Samantha Moreau,TRUE,000-00-0000,FALSE,5.55354E+11,FALSE,SZG2X58,FALSE,RGBT91,FALSE,redacted,FALSE,CERT-2002-547165,TRUE,MRN-4262447,TRUE,89974903043,TRUE,XXXX-XXXX-XXXX-0000,TRUE,6181-2759-1700-3431,TRUE,SAMANTHA.MOREAU@example.com,TRUE,+33 1 72 23 41,TRUE,(233) 569-3106 x181,TRUE,"4339 Pine Lane, New York, TX 67375, USA",TRUE,POINT(89.374602 80.321701),TRUE,45ad:a1c5:d94d:3d66::d197:37a3:a016,TRUE,,FALSE,bc-1e-36-8a-9f-10,FALSE
Robert Williams,TRUE,robertwilliams471,FALSE,corp:Robert Williams,TRUE,425934302,TRUE,7.42718E+11,FALSE,9YO6FHB,FALSE,AII8KC4SVW,FALSE,,FALSE,CERT-2014-817726,TRUE,MRN-7423935,TRUE,3486965371,TRUE,5105-2089-8318-7308,TRUE,6027-5908-2680-0904,TRUE,ROBERT.WILLIAMS@service.net,TRUE,+33 8 56 67 89,TRUE,,FALSE,"7110 Main St, San Francisco, WA 47094, USA",TRUE,POINT(-175.756595 -6.325747),TRUE,127.0.0.1,TRUE,,FALSE,AD:02:AD:31:9B:AB,TRUE
Samantha O'Dupont,TRUE,samanthaodupont,FALSE,acct_Samantha_O'Dupont,FALSE,351-64-1931,TRUE,FR60098057836,FALSE,I6U18R2,FALSE,B5C1CB5RYGRP,FALSE,redacted,FALSE,CERT-2001-053354,TRUE,MRN-7443687,TRUE,4278 5314,TRUE,XXXX-XXXX-XXXX-0000,TRUE,masked: **** **** **** 5678,FALSE,samantha_odupont.76@service.net,TRUE,+33 6 33 19 72,TRUE,+33 9 76 73 77,FALSE,"2353 3rd St, Austin, IL 49201, USA",TRUE,"-64.486225,-178.219119",TRUE,:d40c:5720:ef50:76dd:dd14:8d1f:11c4,FALSE,SN-9035492,TRUE,61:7a:7b:0a:28:37,FALSE
Patricia Nguyen,TRUE,patricianguyen,FALSE,Patricia_40,FALSE,037136402,TRUE,NID-TMWD5RXA,FALSE,PL6D3BI,FALSE,RATMFBA34G,FALSE,,FALSE,CERT-2007-710598,TRUE,MRN-2773765,TRUE,21501343,TRUE,XXXX-XXXX-XXXX-0000,TRUE,**** **** **** 3296,FALSE,patricia.nguyen@sub.testmail.com,TRUE,-10453,FALSE,-10364,FALSE,"8936 3rd St, Chicago, TX 23949, USA",TRUE,POINT(-112.192194 74.880321),TRUE,151.22.30.171,TRUE,NIV6142VSZX9,FALSE,f5:54:9e:ec:0e:7b,TRUE
Anaïs Brown,TRUE,anaïsbrown776,FALSE,Anaïs_82,FALSE,690 86 5008,TRUE,NID-1ATN706K,TRUE,B7UVLV1K,FALSE,LYY-JNJU2K5P,FALSE,,FALSE,CERT-2022-868126,TRUE,MRN-7047233,TRUE,0395186956,TRUE,4408-8331-8380-1697,TRUE,4016-3185-2002-3919,TRUE,"""anaïs.brown@1""@testmail.com",TRUE,+33 6 87 12 41,FALSE,,FALSE,"103 Rue du Faubourg, Résidence Les Tilleuls 74000 Paris, France",TRUE,"{""lat"": -22.280738, ""lon"": -56.608684}",TRUE,76.158.122.66,TRUE,64HXEUS5T1HH,FALSE,1d:e7:05:44:f7:48,TRUE
Chris O'D'Souza,TRUE,chriso73,FALSE,acct_Chris_O'D'Souza,FALSE,FR12134063680,TRUE,4.71171E+11,FALSE,HGRV05,FALSE,320EVIR-ZBG4,FALSE,,FALSE,CERT-2025-099151,TRUE,MRN-4517702,TRUE,9933 57024,TRUE,,FALSE,**** **** **** 4528,FALSE,chris.odsouza..x@mydomain.fr,TRUE,-7991,FALSE,+33 5 36 44 47,TRUE,"1270 Oak Avenue, San Francisco, TX 54503, USA",TRUE,Latitude: 13.655447; Longitude: -74.509988,TRUE,999.999.999.999,TRUE,H0R5LQYSL62L,FALSE,68a56dfdbf3c,FALSE
Chris Smith,TRUE,​chrissmith​,FALSE,acct_Chris_Smith,FALSE,NID-ZY26QKCD,FALSE,4.24607E+11,FALSE,U5448NY2,FALSE,B4TGCXNR8GUA,FALSE,,FALSE,CERT-2007-597480,TRUE,MRN-5602858,TRUE,9408 593565,TRUE,XXXX-XXXX-XXXX-0000,TRUE,masked: **** **** **** 5678,FALSE,"""chris.smith@4""@sample.co.uk",TRUE,+33 2 35 96 87,TRUE,,FALSE,"1153 2nd Ave, Chicago, NY 66935, USA",TRUE,POINT(-158.561716 -86.0822),TRUE,127.0.0.1,TRUE,SN-7675191,TRUE,5B:C3:B2:60:6F:15,TRUE
Tom Williams,TRUE,tomwi64,FALSE,Tom Williams Account,TRUE,Not Provided,FALSE,NID-X6N33HKX,FALSE,8Q79FTW,FALSE,YVERUZ,FALSE,,FALSE,CERT-2009-453571,TRUE,MRN-2390041,TRUE,0417 7073,TRUE,XXXX-XXXX-XXXX-0000,TRUE,masked: **** **** **** 5678,FALSE,tom.williams+135@testmail.com,TRUE,-10223,FALSE,-9044,FALSE,"1336 Maple Drive, New York, TX 84384, USA",TRUE,43.033625;-67.71958,TRUE,f6a5:d113::2ba9:d986:72ed:1ded:b1ec,TRUE,SN-1854803,TRUE,f7-90-cf-05-38-f9,TRUE
DR. CHLOÉ MOREAU MARTIN O'CONNOR LECLERC MOREAU SMITH,TRUE,chloémoreau76,TRUE,Chloé_75,FALSE,285043686,TRUE,7.19503E+11,FALSE,EUHR32,FALSE,0R-FPZF0W20W,TRUE,,FALSE,CERT-2004-737294,TRUE,MRN-9549029,TRUE,9360 194127,TRUE,**** **** **** 6373,TRUE,**** **** **** 0549,FALSE,DR.CHLOÉ.MOREAU.MARTIN.OCONNOR.LECLERC.MOREAU.SMITH@service.net,TRUE,(876) 251-6796 x530,TRUE,+33 2 17 30 52,TRUE,"35 Rue de l'Église, 76266 Lyon, France",TRUE,Latitude: 33.555724; Longitude: 22.878225,TRUE,127.0.0.1,TRUE,FSYHU3ACBEDC,TRUE,a3-83-c8-e1-76-9e,TRUE
camille johnson,TRUE,camillejohnson,FALSE,corp:camille johnson,TRUE,035 46 8250,TRUE,NID-T78JUI0D,FALSE,7XGGHU,FALSE,4PO8WEU31S05,TRUE,,FALSE,CERT-2001-693129,TRUE,MRN-9838319,TRUE,457051557,TRUE,XXXX-XXXX-XXXX-0000,TRUE,**** **** **** 1856,TRUE,camille.johnson@sample.co.uk,TRUE,+33 4 54 61 38,TRUE,,FALSE,"49 Boulevard Saint-Germain, Bâtiment 5 42490 Marseille, France",TRUE,Latitude: -10.254809; Longitude: -26.412362,TRUE,36.47.99.38,TRUE,D70L808UYSNT,FALSE,19596b0a57b9,FALSE
Emily Williams,TRUE,emilyw63,FALSE,acct_Emily_Williams,FALSE,000-00-0000,FALSE,NID-OOMH5FQ3,FALSE,WQEK9KSL,FALSE,AL69EWLD,FALSE,,FALSE,CERT-2004-116039,TRUE,MRN-8012696,TRUE,9623838440,TRUE,XXXX-XXXX-XXXX-0000,TRUE,4048-7159-0518-2378,TRUE,emily.williams+263@service.net,TRUE,+33 9 98 45 77,TRUE,,FALSE,"6634 2nd Ave, Austin, CA 67997, USA",TRUE,POINT(82.660039 -19.12355),TRUE,86d1:3502:4bc4::3614:ce:62cb:df6a,TRUE,SN-3581182,TRUE,a8f7e1bf43dc,FALSE
Ethan Schmidt,TRUE,ethanschmidt430,FALSE,acct_Ethan_Schmidt,FALSE,XXX-XX-XXXX,TRUE,4.99196E+11,FALSE,QQ9GRTAAD,FALSE,C2X0CJPHD1,FALSE,GOV-427521,TRUE,CERT-2014-806073,TRUE,MRN-9682288,TRUE,5906 77185,TRUE,,FALSE,4350-6427-2990-4386,TRUE,ethan.schmidt@sample.co.uk,TRUE,+33 9 30 93 15,TRUE,,FALSE,"538 Sunset Blvd, New York, TX 18476, USA, near the big, old, oak tree, behind the museum",TRUE,-84.687892;44.579773,TRUE,4f38:1c60:dd29:c48b::def0:cfd8:a55c,TRUE,,FALSE,25ee06bb227a,FALSE
Tom Johnson,TRUE,tomjohnson,FALSE,Tom_17,FALSE,NID-T9HIZ6H5,FALSE,058899058081,TRUE,EG00T0B,FALSE,EKS121QJ,FALSE,GOV-630286,TRUE,CERT-2004-739931,TRUE,MRN-6207498,TRUE,65781304995,TRUE,<script>alert('xss')</script>,FALSE,masked: **** **** **** 5678,FALSE,tom.johnson..x@mydomain.fr,TRUE,-9486,FALSE,,FALSE,"1359 Elm St, New York, TX 54624, USA",TRUE,Latitude: -44.222969; Longitude: 11.6724,TRUE,b053:adad:f0cb:10c0:526e:44b6:916:,TRUE,,FALSE,8e-30-90-7e-25-0f,FALSE
anaïs garcía,TRUE,anaïsgarcía,TRUE,anaïs_42,FALSE,805 75 2213,TRUE,FR91782200810,TRUE,UFU5UVG,FALSE,C-Z2GA6AAQ,FALSE,,FALSE,CERT-2016-728377,TRUE,MRN-4227496,TRUE,8750310497,TRUE,**** **** **** 5665,FALSE,masked: **** **** **** 5678,FALSE,"""anaïs.garcía@8""@testmail.com",TRUE,(794) 980-1626 x598,TRUE,(602) 610-4566 x17,TRUE,"101 Place de la République, Bâtiment 1 26621 Paris, France",TRUE,"-79.832446,3.750346",TRUE,3758:2e49:68b1:ba57:640c::7e20:d4cb,TRUE,,FALSE,12:F2:2D:5D:C4:31,TRUE
OlIvIA willIams,FALSE,oliviawilliams,FALSE,OlIvIA willIams Account,FALSE,000-00-0000,FALSE,3.78866E+11,FALSE,N5SN95P,FALSE,UDUKHSAUAQ,FALSE,,FALSE,CERT-2024-436951,TRUE,MRN-9629145,TRUE,8955 713198,TRUE,5961-6395-2574-7779,TRUE,masked: **** **** **** 5678,FALSE,olivia.williams+625@testmail.com,TRUE,-8906,FALSE,,FALSE,"9345 Main St, Austin, NY 76030, USA",TRUE,"36.706672,33.988036",TRUE,:f0fe:4ae7:f3c2:6174:ee1d:d98f:7ebe,TRUE,3O6P1Y0B556U,FALSE,1c:95:8e:ba:17:e3,TRUE
TOM MOREAU,TRUE,tomm54,FALSE,TOM_97,FALSE,327967241,TRUE,NID-PHZYA7H1,FALSE,FVXY1F,FALSE,SBR2WCCC,FALSE,,FALSE,CERT-2010-578810,TRUE,MRN-8922706,TRUE,42449663,TRUE,4045-3980-4886-7253,TRUE,4688-1303-8469-1282,TRUE,"""tom.moreau@5""@service.net",TRUE,+33 9 17 90 82,TRUE,,FALSE,"1541 3rd St, Austin, CA 46404, USA",TRUE,POINT(117.712324 78.808101),TRUE,e545:2cd5:d5b4:aa7a:12e3::8665:35a6,TRUE,,FALSE,82:f8:db:45:0a:60,TRUE
Claire-Brown,TRUE,claire-brown,TRUE,corp:Claire-Brown,TRUE,835 78 0075,TRUE,NID-ZR8AKP1I,FALSE,HO67XM,FALSE,HWRP-4,FALSE,GOV-670611,TRUE,CERT-2011-508232,TRUE,MRN-1591066,TRUE,0157997062,TRUE,,FALSE,4390-3909-2005-6269,TRUE,CLAIREBROWN@testmail.com,TRUE,-5312,FALSE,,FALSE,"64 Place de la République, Bâtiment 1 71475 Marseille, France",TRUE,Latitude: -25.018638; Longitude: -83.42441,TRUE,127.0.0.1,TRUE,,FALSE,8f:ac:7c:fc:b8:13,TRUE
cHLOÉ johnson,TRUE,chloéjohnson,TRUE,cHLOÉ johnson Account,TRUE,883321617,TRUE,NID-8W4AMQAH,FALSE,5ZF3BY,FALSE,NCHGI2,FALSE,,FALSE,CERT-2002-696954,TRUE,MRN-7203579,TRUE,1147546624,TRUE,XXXX-XXXX-XXXX-0000,TRUE,**** **** **** 0787,TRUE,chloé.johnson@sub.service.net,TRUE,(490) 700-6020 x858,TRUE,,FALSE,"64 Boulevard Saint-Germain, Appartement 43 56970 Paris, France",TRUE,"{""lat"": 60.49823, ""lon"": -49.387628}",TRUE,127.0.0.1,TRUE,,FALSE,E5:89:09:B7:56:0A,TRUE
GRACE BROWN,TRUE,gracebrown357,FALSE,GRACE BROWN Account,FALSE,Not Provided,FALSE,NID-GP4A7W92,FALSE,4KHOH19,FALSE,IYD7AN2E,TRUE,GOV-490464,TRUE,CERT-2019-243150,TRUE,MRN-8449883,TRUE,481180829,TRUE,,FALSE,**** **** **** 7912,FALSE,grace.brown@company.org,TRUE,493.579.9476,TRUE,,FALSE,"4429 Maple Drive, Austin, IL 26643, USA",TRUE,"{""lat"": 10.5985, ""lon"": 155.403951}",TRUE,127.0.0.1,TRUE,D1VIBVOY2HIB,FALSE,11-b0-f4-0b-77-a0,TRUE
Patricia García,TRUE,  patriciagarcía  ,FALSE,corp:Patricia García,TRUE,701367882,TRUE,FR46964589244,FALSE,RR5K3UF,FALSE,T7-TBA-TYV,TRUE,,FALSE,CERT-2012-246025,TRUE,MRN-8878073,TRUE,1.91935E+11,FALSE,XXXX-XXXX-XXXX-0000,TRUE,masked: **** **** **** 5678,FALSE,patricia.garcía@company.org,TRUE,(902) 660-3630 x482,TRUE,,FALSE,"9369 2nd Ave, Chicago, WA 82916, USA",TRUE,POINT(19.916112 80.416243),TRUE,da4e:ce60:bb3:7831:d1ca:d8eb:fee:,TRUE,Q8LSMXCD4ZG1,FALSE,f4-fd-ef-83-47-8e,TRUE
Patricia Brown,TRUE,patriciabrown,TRUE,acct_Patricia_Brown,FALSE,,FALSE,6.72877E+11,FALSE,BSBQEA3,TRUE,#NAME?,FALSE,GOV-578560,TRUE,CERT-2005-442849,TRUE,MRN-8149635,TRUE,021737339,TRUE,XXXX-XXXX-XXXX-0000,TRUE,**** **** **** 9342,FALSE,patricia.brown..y@example.com,TRUE,-6401,FALSE,,FALSE,"8062 Oak Avenue, Chicago, IL 23879, USA",TRUE,"-61.315167,99.7832",TRUE,143.49.195.15,TRUE,,FALSE,C3:A6:17:86:8A:94,TRUE
Ethan Dupont,TRUE,ethan64,FALSE,acct_Ethan_Dupont,FALSE,164-23-9065,TRUE,3.09215E+11,FALSE,LKVZID,FALSE,0GA98CJW,FALSE,GOV-614734,TRUE,CERT-2025-073258,TRUE,MRN-0637035,TRUE,209225450,TRUE,XXXX-XXXX-XXXX-0000,TRUE,**** **** **** 7026,TRUE,ethan.dupont+703@example.com,TRUE,+33 1 25 89 79,FALSE,+33 8 52 48 71,TRUE,"8880 Main St, Chicago, NY 73532, USA",TRUE,Latitude: -21.094394; Longitude: 3.787636,TRUE,42.176.161.58,TRUE,SN-4083390,TRUE,ef29.2fe0.f2b0,FALSE
John Smith-Jones,TRUE,johnsmi79,FALSE,corp:John Smith-Jones,TRUE,756217604,TRUE,FR99824770751,TRUE,7L6E18YAA,FALSE,Z67EK5DTKXK8,FALSE,,FALSE,CERT-2012-338193,TRUE,MRN-6817922,TRUE,6.72602E+11,FALSE,3740-5997-4308-7809,TRUE,masked: **** **** **** 5678,FALSE,john.smithjones@company.org,TRUE,+33 8 76 45 61,TRUE,,FALSE,"7357 3rd St, Chicago, TX 60619, USA",TRUE,Latitude: 17.98177; Longitude: 71.269637,TRUE,af96:401c:a1d7:afec:99f5:4ca4::ab0f,TRUE,LD3KI04RC1BG,FALSE,3574.53e0.77d0,FALSE
SAMANTHA JOHNSON,TRUE,  samanthajohnson123  ,FALSE,SAMANTHA JOHNSON Account,TRUE,414-97-1077,TRUE,FR74116028595,FALSE,DQEWUK7,FALSE,ODGZROBP,FALSE,,FALSE,CERT-2019-519054,TRUE,MRN-4433294,TRUE,09978442,TRUE,XXXX-XXXX-XXXX-0000,TRUE,**** **** **** 7848,FALSE,samantha.johnson@service.net,TRUE,-8104,FALSE,,FALSE,"9071 3rd St, Seattle, WA 38496, USA",TRUE,24.416466;-15.937324,TRUE,127.0.0.1,TRUE,2BXBZIYNL2ZL,FALSE,67:42:da:ab:e7:4e,TRUE
pAtrICia o'Connor,TRUE,patriciaoconnor_01,TRUE,corp:pAtrICia o'Connor,TRUE,208-71-4554,TRUE,NID-RX01E0Z3,FALSE,AFVDRPRAF,FALSE,LZXV3Y,FALSE,,FALSE,CERT-2014-388123,TRUE,MRN-5732977,TRUE,9078 16293096,TRUE,,FALSE,4960-8749-6122-9832,TRUE,patricia.oconnor@sub.testmail.com,TRUE,-9446,FALSE,,FALSE,"262 Sunset Blvd, San Francisco, NY 38322, USA",TRUE,"64.421169,81.656368",TRUE,127.0.0.1,TRUE,Y27ERB8K8LSZ,FALSE,3C:7A:E6:28:D7:A6,TRUE
Robert Nguyen,TRUE,robertnguyen_01,FALSE,Robert Nguyen Account,TRUE,000-00-0000,FALSE,3.49228E+11,FALSE,UV4ZRG,FALSE,GN8XXPKN4X,FALSE,,FALSE,CERT-2019-519016,TRUE,MRN-7525232,TRUE,4829 4078,FALSE,XXXX-XXXX-XXXX-0000,TRUE,masked: **** **** **** 5678,FALSE,robert.nguyen@sub.company.org,TRUE,(965) 572-4199 x778,TRUE,,FALSE,"6283 Sunset Blvd
Apt 988, New York, NY 30079",TRUE,POINT(-106.015428 67.818952),TRUE,999.999.999.999,TRUE,MQVECY7M7JJE,TRUE,c1-07-9c-5e-f8-bf,TRUE
Anaïs Smith-Jones,TRUE,anaïssmi41,FALSE,Anaïs Smith-Jones Account,TRUE,626220397,TRUE,6.52726E+11,FALSE,CLB9FTAER,FALSE,YFPZC35J5KCS,FALSE,GOV-482165,TRUE,CERT-2022-747639,TRUE,MRN-3533350,TRUE,73092407413,TRUE,,FALSE,6146-8314-6500-3949,TRUE,ANAÏS.SMITHJONES@example.com,TRUE,+33 2 72 54 14,TRUE,,FALSE,"206 Rue du Faubourg, Bâtiment 2 03461 Toulouse, France",TRUE,88.48873;84.012681,TRUE,:544f:533:48cc:1ca:83a1:f8eb:2921,FALSE,,FALSE,E0:97:AC:6F:20:97,TRUE
Bob Moreau,TRUE,bobmoreau123,FALSE,acct_Bob_Moreau,FALSE,677-46-7112,TRUE,4.64676E+11,FALSE,7WVGQP7,FALSE,UVJAPL80,FALSE,GOV-453734,TRUE,CERT-2017-799596,TRUE,MRN-5283905,TRUE,4540691438,TRUE,5843-1556-7695-9795,TRUE,4651-4134-3076-8320,TRUE,bob.moreau@example.com,TRUE,-6319,FALSE,,FALSE,"1955 3rd St, Austin, WA 28728, USA",TRUE,POINT(86.560746 -78.231683),TRUE,5755:ce3:e3f5:68f2:82bb::f684:7539,TRUE,,FALSE,cf-ce-76-f2-09-07,TRUE
Camille Dupont,TRUE,camilledupont_01,FALSE,Camille_53,FALSE,000000000,TRUE,FR39536982320,FALSE,ODY59BE,FALSE,Y5CFREJ9AQ,FALSE,redacted,FALSE,CERT-2003-930058,TRUE,MRN-8362487,TRUE,98436633756,TRUE,3735-7777-8592-9450,TRUE,**** **** **** 3299,FALSE,camille.dupont..x@example.com,TRUE,(209) 724-7149 x327,TRUE,,FALSE,"235 Boulevard Saint-Germain, Appartement 14 01783 Nice, France",TRUE,22.046735;-168.379696,TRUE,5cfc:b7ca:15ea:21c5:ce9c::e588:ba98,TRUE,7YNJ9EA5AVZD,FALSE,f56b.913b.1acf,FALSE
Linda Smith,TRUE,linda63,FALSE,Linda Smith Account,TRUE,,FALSE,NID-HIBTVQBK,FALSE,TN97IY2Z,TRUE,HPYY5R8716,TRUE,redacted,FALSE,CERT-2019-913953,TRUE,MRN-8639141,TRUE,10954728740,TRUE,**** **** **** 3997,FALSE,4679-7463-1771-8620,TRUE,linda_smith_63@sample.co.uk,TRUE,(504) 475-5070 x837,TRUE,,FALSE,"2162 Oak Avenue, San Francisco, TX 59845, USA",TRUE,"72.909775,54.773803",TRUE,7fc2:8263:53b8::c11:5367:99d:b5f0,TRUE,SN-6391285,TRUE,a1:44:99:07:8b:3e,TRUE
Michael Nguyen,TRUE,michaelnguyen,FALSE,Michael Nguyen Account,TRUE,,FALSE,FR46439442805,FALSE,PAVMBCPRN,FALSE,KYJBVXXW,FALSE,redacted,FALSE,CERT-2004-931254,TRUE,MRN-9756578,TRUE,89865984,TRUE,XXXX-XXXX-XXXX-0000,TRUE,4690-7439-0648-4777,TRUE,"""michael.nguyen@2""@testmail.com",TRUE,(328) 643-2352 x654,TRUE,+33 7 45 71 18,TRUE,"9391 3rd St, New York, IL 33979, USA, near the big, old, oak tree, behind the museum",TRUE,"-14.345996,-131.335877",TRUE,176.98.5.167,TRUE,EYF7OLFVKCD5,FALSE,c4:c1:89:6b:13:c1,TRUE
Robert Leclerc,TRUE,robertleclerc,FALSE,Robert Leclerc Account,TRUE,480455531,TRUE,FR48088611258,FALSE,FGI2GZ7,FALSE,A-7G30,FALSE,,FALSE,CERT-2011-134947,TRUE,MRN-2673711,TRUE,7.73952E+11,FALSE,XXXX-XXXX-XXXX-0000,TRUE,masked: **** **** **** 5678,FALSE,"""robert.leclerc@4""@company.org",TRUE,-6117,FALSE,-8658,FALSE,"8795 Oak Avenue
Apt 417, Austin, IL 41642",TRUE,Latitude: -38.511081; Longitude: -71.488332,TRUE,136.120.154.134,TRUE,,FALSE,c1-47-e0-f4-69-72,TRUE
Théo O'Brown,TRUE,théoo10,FALSE,Théo O'Brown Account,TRUE,030892290641,TRUE,8.0598E+11,FALSE,1KKN3Y,FALSE,KHXREWE9D2AI,TRUE,,FALSE,CERT-2019-695367,TRUE,MRN-2863583,TRUE,38916190558,TRUE,4296-1499-0941-6798,TRUE,**** **** **** 0807,FALSE,théo.obrown..y@sample.co.uk,TRUE,+33 1 99 98 80,FALSE,-2976,FALSE,"87 Rue de l'Église, Appartement 25 89812 Lyon, France",TRUE,POINT(52.387783 -37.188501),TRUE,263:4555:b09d:3b70::c94a:e59e:4728,TRUE,SN-8129809,TRUE,6c:aa:e1:43:0f:30,TRUE
Mathieu O'Moreau,TRUE,mathieuomoreau,TRUE,Mathieu O'Moreau Account,TRUE,664-20-4732,TRUE,3.60489E+11,FALSE,F743YTU7D,FALSE,MF0UKE2-CB,FALSE,,FALSE,CERT-2021-067934,TRUE,MRN-0557402,TRUE,2.3258E+11,FALSE,**** **** **** 4438,FALSE,masked: **** **** **** 5678,FALSE,mathieu.omoreau..y@sample.co.uk,TRUE,-2415,FALSE,442.246.7645,TRUE,"58 Rue de l'Église, Résidence Les Tilleuls 79004 Marseille, France",TRUE,"{""lat"": -24.517692, ""lon"": 48.441331}",TRUE,124f:bf83:d670:7370:7018:ab3f::b725,TRUE,SN-7218217,TRUE,b0:b8:fa:6a:67:01,TRUE
Chris Williams,TRUE,  chriswilliams268  ,FALSE,acct_Chris_Williams,FALSE,000-00-0000,FALSE,8.92824E+11,FALSE,3XNYERA9M,FALSE,3CDZPP,FALSE,GOV-495017,TRUE,CERT-2004-508722,TRUE,MRN-5672617,TRUE,5.22359E+11,FALSE,**** **** **** 4151,FALSE,6338-7895-9190-5303,TRUE,CHRIS.WILLIAMS@mydomain.fr,TRUE,+33 5 60 97 68,FALSE,-8515,FALSE,"4406 Oak Avenue, Seattle, NY 58068, USA",TRUE,Latitude: -21.451737; Longitude: -49.299222,TRUE,35.71.234.217,TRUE,,FALSE,2449.d8d0.e4d7,FALSE
Mathieu Williams,TRUE,mathieuwilliams,FALSE,Mathieu_4,FALSE,000-00-0000,FALSE,FR07043105503,FALSE,A12WHRHQ7,FALSE,WEVZB-WH,FALSE,,FALSE,CERT-2014-497161,TRUE,MRN-1538611,TRUE,072508452,TRUE,<script>alert('xss')</script>,FALSE,4741-5949-2543-4500,TRUE,mathieu.williams@sub.mydomain.fr,TRUE,-2184,FALSE,,FALSE,"117 Boulevard Saint-Germain, Bâtiment 5 59810 Toulouse, France",TRUE,"{""lat"": 82.914867, ""lon"": 1.194121}",TRUE,178.112.97.191,TRUE,SN-2628856,TRUE,e4:4d:a6:3b:47:c3,TRUE
Renée Smith,TRUE,renéesmith970,FALSE,corp:Renée Smith,TRUE,484483333,TRUE,FR01032082341,FALSE,ZZFB5Z,FALSE,TRDROSZE1J,TRUE,,FALSE,CERT-2014-723327,TRUE,MRN-6105402,TRUE,4.87614E+11,FALSE,**** **** **** 7855,FALSE,masked: **** **** **** 5678,FALSE,renée.smith@sub.sample.co.uk,TRUE,-8768,FALSE,,FALSE,"155 Boulevard Saint-Germain, 97081 Marseille, France",TRUE,POINT(76.009653 -65.259723),TRUE,143.114.39.89,TRUE,SN-4378985,TRUE,1f73.7a8d.a324,TRUE
Robert Smith,TRUE,robertsmith,FALSE,Robert_58,FALSE,XXX-XX-XXXX,TRUE,FR93975955364,FALSE,ZW6MAE93Y,FALSE,2DRP68VJ,FALSE,redacted,FALSE,CERT-2002-892642,TRUE,MRN-4430299,TRUE,57873781,TRUE,,FALSE,6621-8224-7922-4767,TRUE,robert.smith@company.org,TRUE,-5894,FALSE,,FALSE,"1073 Oak Avenue, Chicago, IL 77881, USA",TRUE,Latitude: 64.349026; Longitude: 161.507411,TRUE,127.0.0.1,TRUE,SN-6590960,TRUE,c8:98:a0:7c:64:62,TRUE
CHRIS SMITH,TRUE,chrissmith,FALSE,corp:CHRIS SMITH,TRUE,XXX-XX-XXXX,TRUE,7.61681E+11,FALSE,GHWRVI,FALSE,4GYDEP,FALSE,,FALSE,CERT-2002-513913,TRUE,MRN-9205948,TRUE,3530532562,TRUE,**** **** **** 4114,FALSE,6103-8916-6770-9525,TRUE,chris.smith@testmail.com,TRUE,+33 8 36 20 29,TRUE,,FALSE,"8510 Pine Lane, Chicago, NY 18067, USA
PO Box 9552",TRUE,"3.690338,161.049237",TRUE,6.178.60.237,TRUE,SN-5593604,TRUE,b79b.3745.6280,FALSE
PATRICIA D'SOUZA,TRUE,patriciadsouza,FALSE,PATRICIA_40,FALSE,172806950,TRUE,FR98020291726,FALSE,PGSXYI,FALSE,ODNDIREOBA,FALSE,GOV-221181,TRUE,CERT-2006-069114,TRUE,MRN-4421437,TRUE,35076499,TRUE,**** **** **** 2255,FALSE,4238-1433-1616-6974,TRUE,PATRICIA.DSOUZA@example.com,TRUE,+33 6 92 57 76,TRUE,+33 5 26 36 61,TRUE,"5553 Pine Lane, Seattle, WA 47435, USA",TRUE,43.338148;126.243331,TRUE,127.0.0.1,TRUE,,FALSE,9d8e.191e.4ff9,FALSE
Olivia Martin,TRUE,oliviamartin666,FALSE,corp:Olivia Martin,TRUE,,FALSE,FR14876096737,FALSE,LDXA1WC,FALSE,#NAME?,FALSE,,FALSE,CERT-2002-108511,TRUE,MRN-2089676,TRUE,4310 7722,FALSE,**** **** **** 0526,FALSE,4522-3775-0448-0638,TRUE,olivia.martin+910@example.com,TRUE,(594) 827-1570 x320,TRUE,,FALSE,"4318 Sunset Blvd, Chicago, CA 86939, USA",TRUE,46.364836;-84.533808,TRUE,159.212.234.237,TRUE,VANU0KP2LRZR,FALSE,0496b62c2b10,TRUE
Linda O'Moreau,TRUE,lindaomoreau272,TRUE,corp:Linda O'Moreau,TRUE,180 81 2358,TRUE,3.36983E+11,FALSE,L2JRTVIL4,FALSE,QIY5OI4LLJ,FALSE,,FALSE,CERT-2011-249680,TRUE,MRN-0169932,TRUE,81320723,TRUE,4184-6550-6369-8519,TRUE,4644-9951-4370-4345,TRUE,linda.omoreau+95@company.org,TRUE,(228) 438-5216 x455,TRUE,-3850,FALSE,"9682 Maple Drive, Chicago, WA 40986, USA",TRUE,"{""lat"": -31.15297, ""lon"": 2.202018}",TRUE,7.152.160.54,TRUE,SN-6412759,TRUE,b2-85-e4-2b-b7-85,TRUE
Léa leClerC,TRUE,léaleclerc,FALSE,Léa_1,FALSE,000-00-0000,FALSE,039726754576,TRUE,MHNJ156,FALSE,TMW8XG33,FALSE,,FALSE,CERT-2016-379556,TRUE,MRN-9225437,TRUE,0997 28554,TRUE,XXXX-XXXX-XXXX-0000,TRUE,4770-3547-6630-7798,TRUE,léa.leclerc+156@company.org,TRUE,-7351,FALSE,-2794,FALSE,"150 Avenue des Champs-Élysées, Résidence Le Parc 89501 Paris, France",TRUE,POINT(25.988385 -58.232769),TRUE,62.246.96.178,TRUE,SN-1468326,TRUE,6b-7d-9d-d4-af-21,TRUE
Mathieu Nguyen,TRUE,mathieunguyen_dev,FALSE,corp:Mathieu Nguyen,TRUE,680 21 3794,TRUE,5.0909E+11,FALSE,8DLTYZ7K,FALSE,9X9WVLBE,FALSE,GOV-101693,TRUE,CERT-2020-733344,TRUE,MRN-4484792,TRUE,9103 20410,FALSE,,FALSE,masked: **** **** **** 5678,FALSE,mathieu.nguyen+438@mydomain.fr,TRUE,(927) 379-6715 x985,TRUE,,FALSE,"112 Boulevard Saint-Germain, 54955 Toulouse, France",TRUE,"10.932587,130.165378",TRUE,d3bd:8f62::221c:32e9:bf84:2af:a043,TRUE,,FALSE,18:99:CB:D0:03:C7,TRUE
,,,,,,,,,,,,,,,,,,,,,,,,,,,,,,,,,,,,,,,,,
